Metric,Value
MSE,26568.639709451432
RMSE,162.99889481052145
MAE,124.13235044544646
MAPE,24.916190038891067
Direction Accuracy,0.4751552795031056
Signal Accuracy,0.39751552795031053
Signal Precision,0.3887163122394994
Signal Recall,0.39751552795031053
Signal F1,0.3815850280931571
