Metric,Value
MSE,23993.005685271804
RMSE,154.89675814965207
MAE,107.37187247992496
MAPE,19.694394748468284
Direction Accuracy,0.5062111801242236
Signal Accuracy,0.40062111801242234
Signal Precision,0.40012018147683487
Signal Recall,0.40062111801242234
Signal F1,0.3939466806882116
