Metric,Value
MSE,19293.793975502555
RMSE,138.90210212773079
MAE,113.54357314965392
MAPE,90.10339725410516
Direction Accuracy,0.5067567567567568
