Metric,Value
MSE,41106.065119927734
RMSE,202.7463072904849
MAE,163.0231412863578
MAPE,35.17870093369729
Direction Accuracy,0.5054347826086957
Signal Accuracy,0.3858695652173913
Signal Precision,0.3851261887580217
Signal Recall,0.3858695652173913
Signal F1,0.38543488615375493
