Metric,Value
MSE,23739.195551239667
RMSE,154.0752918259111
MAE,107.8880116982689
MAPE,20.532591413902317
Direction Accuracy,0.5054347826086957
Signal Accuracy,0.40372670807453415
Signal Precision,0.39610032814420576
Signal Recall,0.40372670807453415
Signal F1,0.3959837968541351
