Metric,Value
MSE,29410.67030544402
RMSE,171.49539441467232
MAE,123.77593411621937
MAPE,22.709375257929306
Direction Accuracy,0.49844720496894407
Signal Accuracy,0.3982919254658385
Signal Precision,0.40565973325069415
Signal Recall,0.3982919254658385
Signal F1,0.40144716071286946
