Metric,Value
MSE,21864.397539808328
RMSE,147.86614737595733
MAE,108.73069711743771
MAPE,21.546295331156852
Direction Accuracy,0.4860248447204969
Signal Accuracy,0.37111801242236025
Signal Precision,0.4079236500326826
Signal Recall,0.37111801242236025
Signal F1,0.36674641843360545
