Metric,Value
MSE,26639.46844313459
RMSE,163.2160177284527
MAE,120.74724294306931
MAPE,24.256341837555304
Direction Accuracy,0.48602484472049684
Signal Accuracy,0.3858695652173913
Signal Precision,0.38291321045635
Signal Recall,0.3858695652173913
Signal F1,0.3710187691654037
