Metric,Value
MSE,11812.855557141274
RMSE,108.68696130236265
MAE,80.3703803559715
MAPE,57.83813775183451
Direction Accuracy,0.4864864864864865
