Metric,Value
MSE,43278.175341857546
RMSE,208.03407255028574
MAE,162.6685772825716
MAPE,35.03675762600385
Direction Accuracy,0.48524844720496896
Signal Accuracy,0.36490683229813664
Signal Precision,0.3852179971318099
Signal Recall,0.36490683229813664
Signal F1,0.3634917123941772
