Metric,Value
MSE,33299.54539383107
RMSE,182.48163029146542
MAE,139.29136404918515
MAPE,32.42551132651279
Direction Accuracy,0.5061919504643964
Signal Accuracy,0.39164086687306504
Signal Precision,0.393025745704454
Signal Recall,0.39164086687306504
Signal F1,0.39146629015221407
