Metric,Value
MSE,23110.670477461033
RMSE,152.02194077652422
MAE,111.99706880207306
MAPE,22.33283891905848
Direction Accuracy,0.4767080745341615
Signal Accuracy,0.3672360248447205
Signal Precision,0.4070816756921262
Signal Recall,0.3672360248447205
Signal F1,0.3394616285882596
