Metric,Value
MSE,23628.395298386768
RMSE,153.71530599906689
MAE,117.17732077660798
MAPE,23.51686322049355
Direction Accuracy,0.49145962732919257
Signal Accuracy,0.37732919254658387
Signal Precision,0.3961203445552676
Signal Recall,0.37732919254658387
Signal F1,0.3733552596044805
