Metric,Value
MSE,48900.26873392104
RMSE,221.13405150252424
MAE,173.69365215759538
MAPE,38.35901136480388
Direction Accuracy,0.4945652173913043
Signal Accuracy,0.38198757763975155
Signal Precision,0.39134427647168396
Signal Recall,0.38198757763975155
Signal F1,0.38601392335761964
