Metric,Value
MSE,38267.59797804188
RMSE,195.6210570926399
MAE,153.01330754802308
MAPE,34.73184098638111
Direction Accuracy,0.468944099378882
Signal Accuracy,0.36490683229813664
Signal Precision,0.38196836852443256
Signal Recall,0.36490683229813664
Signal F1,0.3371953760784719
