Metric,Value
MSE,23289.655346357715
RMSE,152.60948642321588
MAE,108.85704684716364
MAPE,20.98505626050782
Direction Accuracy,0.5015527950310559
Signal Accuracy,0.3998447204968944
Signal Precision,0.40940710535655445
Signal Recall,0.3998447204968944
Signal F1,0.40052666788790936
