Metric,Value
MSE,25549.06389647163
RMSE,159.8407454201576
MAE,114.96886491615616
MAPE,22.24166229384703
Direction Accuracy,0.4767080745341615
Signal Accuracy,0.33695652173913043
Signal Precision,0.38749505851338734
Signal Recall,0.33695652173913043
Signal F1,0.3431475509297335
