Metric,Value
MSE,23901.853902856117
RMSE,154.60224417147415
MAE,110.868641390913
MAPE,21.972772302010448
Direction Accuracy,0.49922360248447206
Signal Accuracy,0.37111801242236025
Signal Precision,0.4010507685259282
Signal Recall,0.37111801242236025
Signal F1,0.37918410201402514
