Metric,Value
MSE,26473.46521360387
RMSE,162.70668460024584
MAE,116.57700395473285
MAPE,23.408160862668755
Direction Accuracy,0.5270897832817338
Signal Accuracy,0.42879256965944273
Signal Precision,0.4165245450274912
Signal Recall,0.42879256965944273
Signal F1,0.4217184302195557
