Metric,Value
MSE,40339.991504694386
RMSE,200.84818023744796
MAE,150.88853530424063
MAPE,31.697100544319706
Direction Accuracy,0.4914596273291925
Signal Accuracy,0.3858695652173913
Signal Precision,0.39005824529301575
Signal Recall,0.3858695652173913
Signal F1,0.38502935042594744
