Metric,Value
MSE,26450.756226518326
RMSE,162.6368845819371
MAE,117.2972662394376
MAPE,22.241269941436144
Direction Accuracy,0.5287267080745341
Signal Accuracy,0.4363354037267081
Signal Precision,0.42313993339031425
Signal Recall,0.4363354037267081
Signal F1,0.42748172607080226
